track_id,word
TRABEXK12903CCE19B,i the you to and a me not in is of your that do on will be love so just there out from feel want say ca at night look where gonna who still wanna call had lie alon tonight care dark use someon rain onc mayb music rise voic lay past bed ring answer afraid someday hello phone explain hunger
TRAICTB12903CF041A,i the you to and a me it not in my is of that on we will all have love so know with what when time can down was never feel let make way take life back heart could night our live again give keep us find fall did into had end insid last friend soul new lost use bring forev rain rememb line lose onc togeth help becaus touch ride till best morn young reach fine tomorrow moment felt worth held almost kept comfort
TRAIKJH12903CB471C,i the to and a me it not in my that do on am will know with come up see from make take as away yeah how gonna through onli tri wanna good littl leav place hope true high lord heaven son em young fine earth push 2 send both mountain build someday 1 grace hill 3 least 4 woah 5 6 daydream
TRALBRN128F145B2C1,i the you me it not in is that do are we will all for no be love know with just now time one they down if would where more gonna think or wo find about turn then stand mine yes open onc togeth arm first au sand welcom bet join march desert romanc charm foreign french uniform legion
TRAMVFV128F42660D8,a in la un te tu e si lo con che il di non per sei sempr tempo dolor dove senza ancora ment canto questo tuo terra cuor della vorrei voce luce musica dai piu sogno col
TRAPBTM12903CF5E25,the you and a it in is of that do on all for be love with like can out down get she was see he way by her could where world caus who give or dream his fall some hand light end him danc mean fight kill side work might after everyon meet lot ladi great hot wave tight father guy ghost queen scene ball sex romanc stage hip dirt began bother american clown screen flag loss simpli boss thrown pant princ gay bride entertain plot mystic skirt
TRATJPX12903CF0409,i the to and me it not in is that all have love this but when now go up out down was got he let take at here night need eye world more right man give wo his turn had hold ever cri befor than even same use myself close sleep kiss high rock came seen morn hurt fill moon slow x2 whoo
TRAVMSO12903CF02EE,i the you to and a me it not in my is do on are we will all no be have love so know but with what just when now time can there they out get got feel want say away by heart here how need tell or find some then noth leav hold walk lie gone alon much soul left sing realli sky song blue smile cold rock lose may ai first pour abov drink gave storm nothin yesterday surpris diamond written sudden
TRAWRHQ128F1495E6B,a que se e o não mas um é vez você vai quando toda foi tem já ao bem mil cantar quer pro ele ala doi demai
TRBANHO128F93466AF,me do de en un tu le du je et les il ai ma qui eu des est dan mai à rest cest ser tout nos bien au ce moi comm une sur jai san ta quand toi ton tes avec mond sont petit lui fai nest aux leur piano caress tomb beau coup notr quelqu coin gris bas histoir sourir photo voix peau vient vieux près
TRBHRLX128F93466B9,a on de la en un le du et na les il son pas des dan à pay au comm une vie quand grand par vous temp tous main même plain lui quil mot ses aux leur deux fond mer autr idiot villag parl rêve pleur boulevard cur rêves feu vieux
TRBKJDG128F14A839E,in is we de en te over je even doe al ma dan er ik pa van school tv het een dit niet maar heel ben op wat ze voor mij dag niemand zo aan naar haar bij vast weer laat alleen uit wel
TRBRMNZ12903CAA670,the to and it is are we all for be love so with just time can day by our eye too an everi were befor last sing made sky song blue close must sweet while open fli lose shine today may music though young fast lyric dear share surpris instrument none spring bill refus wilder
TRCBEQU128F9304A34,man tu ta mano busi dar ir kai
TRCGSYN128F4289376,i the to and a me in my of are am this with like que de la one from want say y en more die un el man mi es yo befor word last soul than peopl pleas con mean los sea truth las del quiero land red earth mas tree flame soy mis share mountain green vers fate dond poor soft mar alma wound seek ant stream spoken hombr tierra forest also palm pobr suert busca verso verd mont claro
TRCOLXH128F92FE9B1,i the you to me in your that are we will be love come there oh they down if never would as how where eye still turn hear sing mine forev while shine till promis rose whisper dust field ash moonlight rust choir organ stroll
TRCOXJH128F148C7E1,i to and me not in of that do are am will for be have so know just when can there they see from want make way say ca day life by how need thing more tell think who whi keep long find their insid much than peopl wrong seem mine must yes mani touch learn strong men meet promis lyric thank weak less cast cant resist often album origin
TRCPBLL128F14957C0,i the to and a in my your do we will for they if want take day away back her girl some had them these pleas hope blue other best town white red pretti ladi pick send rose flower chase order hurri trick silli wed mister sweetest gown
TRCPJHB12903C984E3,i the you and me it in my of your that do am will all be have love so know what when time there they see from let way say as at heart look eye more caus been still said into lie has befor place start realli care rain heaven today sure deep though each someday
TRCRCUL128F92EE421,i the you to and a it not in my is of are we all for no be have love so this what like there one they out from let take ca at heart need look world through man us about everi god friend play sing even song hope watch blue must enough war land though white voic everyon moment meet peac gun mouth mountain ocean snow green freedom feed band instrument bomb distanc echo noon diseas hungri stream flight common justic harmoni eagl cap comprehend
TRCZPOB128E0798A0D,a me on que de la un te tu se le si du et les il qui pas dan pour ne va bien plus mon au moi comm une mal san quand mes ton sen rien tes quon tous main sera encor petit vos où dire fai dun peu sous coeur deux mentira x3 tour quel pi lon peut prend pui comment bras partir être coin souvenir bas devant sourir peau feu savoir pluie troi jaurai
TRDBZKS128F92E38CD,i the to and a it in my is on we all for with what now go oh one get was got make way take day by through or an his girl then were into ya him tonight thought sing song seem while two open side miss ride ground white young soon along laugh lead lot fun ring bright christma bell spirit snow crack ago field drift hors speed seat lean bank jingl sleigh net dash
TRDETFU128F9322E30,que de la te tu et les il dan chanc pour ne cest tout plus fair san ta quand ou style tes fin où dun veux tour prend 3x damour avant tête laiss dans pein gris musiqu
TRDEYDN12903D0EBDE,i you to and a me it not my is your on are we am will for be have just can was if never say take would ca heart here onli were gone alon should kiss smile came part born known slave thrill resist piti temptat
TRDNECN128F146A005,a on de la un face le du et les il qui pas des dan pour ne à cest tout plus au ce comm une sur fair million nous quand rien tes fait fin quon mond même dit dire trop quil nuit ces dun ses peu coupl deux soir fond beau comment pourquoi tas dieu très sest cur rêves leau fou avait premier
TRDQJJN12903CCC323,i the you to and me not in my is of your that do on are am will for be love so know this but with what just when like there oh they if feel let way say would by heart here how could look thing think whi an wo still us wait hold head stand should danc while lose heaven ask arm music shake rest feet lead floor yet honey wave ocean merci ella pure shore gentl romanc kinda charm refus constant foolish mental beau coup absolut bump especi franc idol handsom
TRDSBBM128F4264A6D,i the you to and a me it not in my is of your that do are we am will for be have love so know this what just like time can come go one they down see never from want let way take would as babi life heart here could need thing too onli tri whi still girl good about some littl said call alway leav ever gone believ befor stay much chang better new hard old pleas care same talk seem far someon forev sweet bad mayb becaus work today might till beauti knew ani fool took anyth tomorrow guess promis between anymor troubl hair worri color imagin passion although convers fashion grant familiar clever tradit unspoken
TREAKXX128F1493C8A,i the you to and a me it in is of that am all for be love so but with when one from at back by her heart how night eye world think girl about into wait someth song same seem dark lose found ask listen voic went shadow begin becom answer silenc search yesterday spin endless seek reflect echo offer saturday solut useless sung
TREBQTL128F9311B1A,the you to and a me it not is of that do on we all for love so with what like can come there up one she never from he make say as at her here could need tell think through give well around littl turn hand then into much stop sun even doe smile two onc shine touch knew kind fill woman room veri empti begin becom magic flower paint sunshin mr quick built spell sudden pie box appear nail chair hammer bloom crystal castl kitchen blink cake shini fella weav lamp bake
TREFMHY128F148C7DF,i the you to and a me it not in my is of your that do on are am will for no be have love so know but just when like time can come there go one out get if never he feel let would as day away life heart night eye thing right tell man keep dream still good wait leav walk face better start hope wrong seem tear someon must while wish fli door may sure wind happi after fool learn though reach went blow veri afraid sight both wing point return anyon sail somehow prepar heartach foolish smart
TREGINZ128F14A3996,de la un du je et les il qui des est dan pour à train bout au ce sur bar grand ton tard nuit dun soir terr fond ont pui autr taim noir blond gris fleur boulevard cur
TREIVDN128F934D7A3,i the you to and a me it not my is of that on we will for be have so but just like she got make take would could been who live or well an us leav had these made should old put other high side onc shine roll deep woman fine along red flow warm ocean someday wide bar wine luck seven dice steel resist pair notion fiddl disagre
TREPDFF128F931B23A,i you to a me it not my is that do on am for love know this but what just now up down get got from he take as at heart here look caus fall about hand face believ someth these better should rain mean yes blood lose street sure abov feet pray jesus bleed knee shoe hat doo scar main complain mister sir soak plead
TREVBCH12903CB671D,the you to and a it not in is of your that do on we will all be have love know but with now can come there oh he at away yeah heart look thing wo fall call wait has word these him sing tear sweet while kiss side fli onc wonder mani kind rise game soon abov lip futur doo ok caress dim fingertip
TREVEIK128F92F900C,i the you to and a in my of your that all be love so this but with when can never from heart more give keep fall some then than sing break song free fire kiss wish best set veri shadow cool most warm storm spring shelter agre juli wealth health bluebird
TREZKDK128F427AC32,in am was un an es du ich und da los wind der nicht das ein noch um mich zu mir dich wie mit mein dir nur wenn dein für bin sein hier mehr sich kein auch immer kann hab jetzt bis zeit viel hast tag bei geht weg allein lass gibt kommt dies augen werd seh zurück deinen bitt angst steht tief weiter glaub keiner hart tun glück fest horizont
TREZXQO12903CF02F7,the you to and a me it in my your on are no know but with when like now can one out got make take thing again good then everi ya cri befor new sing start song blue everybodi em grow voic n feelin funni choic diamond garden mix simpli pillow sung willow sleepin subject
TRFGYHD128F145AA1A,i a me de la ca te tu se e o da che ma ha ne va sie comm tien dice nu chi tutto ment mare terra core nun sient bene visto guarda bello seren fino vide
TRFLWHE128F930CFAE,i the you to and my of your will all but when see day away by long fall hand leav hold hear start old song use kiss miss grow soon red went sinc summer window lip most darl gold winter drift autumn
TRFVMKU128F92E27EA,i the you to and me not my your that on are am will all have love so but just time one was if never feel as could thing more die tell give keep mind good littl said alway were did hold has made should mine those sweet done mayb happi best lone told chanc took blind guess sorri second quit treat satisfi often
TRFYAIP128F92EB46B,i the you to and a it not in is of that on are for no have so but what like come there go one they out down she if from let take would as day away by her look caus been give an his everi ever word place new play made break even doe wonder mani heaven work might ask beauti town music ladi fun answer hot hour across win guy buy sail feelin tryin few record field instrument embrac trip ship york spot papa coffe sort ol agua port fiesta oclock twelv 15 banana brooklyn temperatur
TRGCPQV128F92C2B41,i and in my time heart here more hear je play each encor everytim damour chanson
TRGEIQJ128F934D7A7,i the you to a me it not in my of your that do on am all be have love so but with what when now can there go up out get was if never from let away by her heart could who too keep still girl stay much left burn should wrong while cold becaus set wall readi control upon pay ring stone flame wear blame gold finger chain realiz tie guitar band price steel string yellow lonesom roam aw fan piano itself bold shelf
TRGFCXW128F42A0FE2,i the you to and a me my will for no so what just like now come there one down feel let way away back night look more right girl noth everi wait cri sky pleas without pain blue far shine sad answer train low catch corner
TRGHCIS12903CF02F9,i the you to and a me it not in my is that do on are we am all for no be love know when like now time there go oh get if got let make way say take here night our world more gonna right man too keep dream well an us long girl find said last play sing chorus old pleas song care mean smile lord mayb ride ask happi ai set alright woman along child hang til slow ladi hour train rose question nothin poor guitar yea style darlin runnin takin twilight board rosi bah
TRGHKOZ128F4266136,the to and a not in of that on for love this but with when can there la was he life by heart world who man onli or an his hand had soul peopl made boy song dark fire other touch came angel voic strong earth born whole child gave carri speak stori plan flame holi fate magic bless simpl cloth nation bare gift sang fame fortun sacr creation conquer awaken
TRGLPDN128F14596C9,i the to and a in my of we love so just like time oh one out get she feel her how could look thing been whi well us were had much sun sky watch talk two done big beauti hell knew took though repeat catch both eat field women bite revolut sat guilti sever nervous neither dinner english liber
TRGTDOH128F4256CC5,in will so her die un man an wo still es und da wind war der nicht das ist ein ja den zu wir 2 er auf dem 1 wenn von sein sind 3 sich kein dann 4 schon nach wieder fault vor 5 zum weil 6 7 meer jeder über zurück klein weit ihn einmal haus gern bord erst glück 30 endlich letzt sehn ihm trunk
TRGYZCE128F14957BE,i the you to and a it in my is that do we for be have with just like time come up was make as day by here thing dream still his around walk stay new break old talk seem true use found arm hour guy flower record instrument written thrill john york date dinner 15
TRHCBTH128F146A037,me que de la en long le je et les qui pas des pour à bien mon jai entr ell toujour dire amour nest aux cett mort homm dieu fleur bonheur perd donc cherch
TRHEGPE128F9311A85,i you to and a me in my of your on are am will all be love so but when now they get was say day away heart how could eye die think who find some said them has someth insid friend without tear true fire must smile today ask hide knew blind laugh yet cannot flame doubt smoke deni cours realis repli flown
TRHFAYI12903C98A98,i the you to and a me it not in my of that we am will for have love so know this but with just like time can come go oh one see if from feel let say take would ca at by how thing more been again too or mind long find head believ befor word much than off thought wrong true myself doe lose might pass fade child afraid dear met mad rather mari ignor complet instrument crush shi loss possess jam obsess defin combin
TRHIAIL128F92E37EF,i the you to and a it in is of your that do on are we will no be have so know but with what when time can there up they out see from he feel want way say day away yeah heart eye world who man well his wanna find fall then wait face hear word place chang stand better anoth stop lost break care watch put those becaus yourself em beat ground fill wake hit wast final king til tast pictur top grace slowli paint state bitter short dollar anybodi crown donât penni itâ paranoia
TRHLAGV128F92FE7CB,i the you to and a it not in is of your that are will be have love know but when can she if never way take as day life heart here how caus think who onli well girl find fall some over call everi alway into leav had hold ever lie has chang true someon star side mani behind sure hurt sea broken els land easi water each reach past abov promis cross cannot brother belong rule guy broke bridg sink livin built resist romanc boat taught stream forgot hopeless temptat port guarante redeem evri reckless
TRHRBAV128F9304A2D,o para ne per ten ei bet dar bus gal jos ko ar kai
TRHRDWV128F4275B20,i the you to and a me it not in my is of that do on are am all for no be have know but just time can there go oh they out down if feel let would at by heart here where live wo everi alway walk hear befor stay stop peopl care other high doe onc door street may town ani part els pour earth feet tree near stori stare second somehow beneath rather sudden appear bother often tower sever pavement enchant
TRICLAX12903CEC41F,i the you to and a me it not in my of do for love so but just can go get from let as by how or dream well wo find around then word should care without someon sleep star doe two enough mayb music king count strang van funni thrill romanc weep 10 film sheep jimmi 8 paul artist william upset chart frank 13
TRIGMFF128F14A39D3,a me que de la en se long le je et na les ma qui eu pass pas est dan mai pour air fill à tout au une point bell sur jai fair quand sa ell ou ça par jour avec foi lui toujour où chose dun ses aux sous quell soir terr film comment rue chaqu quelqu blond lair bas devant seiz lai robe estc droit
TRIGZEY128F42AC6AF,a que de la tu se le o je les ma ah qui des est dan mai pour ne mon moi comm vers ta mes ton tes quon jamai encor ces aux dis sous coeur bras taim amant mieux fleur moin parl voix pleur qua etc voit
TRIIXTG128F427AC3B,in all so was man es du und war der nicht das ist zu dich wie auf mit dir doch dein held ei hat sein sich nie aus bist bis lang dass ganz hast geht ohn allein ander gehen kannst weit frei selbst wirklich unter
TRINZYY12903CF02F1,i the you to and me it not in my is do we am be have so know but with when time can come up one they out was never would ca at how night look where who live onli good hand then hold run believ off seem sweet two touch lone hurt las grow fill reach along strong begin summer shoulder spring began becam hotel intern vega
TRIPJIM12903CEE1CB,i the you and it not in my is of your that do are am for be love know but just when there oh out see if feel day look eye dream an around call everi believ someth sun chorus name true must done sound sea rise air reach tree near repeat sight whisper everywher thunder illus wise foolish 4x sane
TRJAICZ128F426B89D,the you to and a is your are no so but time there as at life heart need look where world caus live onli still stay free star hide beauti wind wall grow follow each born blow worth surround tide grass divid roar
TRJHUWZ128F14957C1,the you to and a it not in is of your that do will for be love so know when like come there oh out she never from make ca by heart could night man live again whi keep dream well mind still long light alway did hear someth word last left new play start song without free danc seem other someon sweet rememb doe lord year onc shine behind today may happi morn first knew music part fill heard citi young past hit drive bright brain guy half 1 magic yesterday four somehow wine refrain wheel ago instrument haunt week rush forgotten sudden melodi laughter recal hood hush also film twilight third gay strain traffic gleam cotton version chord waltz enchant chart suprem robin swirl
TRJYOTB128F935B880,i the you to and a me it in my is that we am will all no be this with time come there go if never from say as day tell through dream an around hand light everi hold ever place start care seem true forev kiss wish year shine understand knew moment apart cannot bright embrac lucki affair
TRKACCF12903C98AF8,i the you to and a me it not in is of your that do are we for be have love so know but what just now can go down get from let say would day at away life could our world more been tell who live or mind us find around about then wait lie end alon friend stop thought old talk other while smile two mayb help yourself ride everybodi told first round els grow each citi rest meet drive yet share crowd ahead bend earli harder notic gray often fanci awhil
TRKBEAT128F14A8ED3,i the you to me not is of that do on are am will all be love so this when there up oh get if got never feel way ca more caus tell onli whi keep still turn then call ever than off same dark side lose heaven ask sure truth after kind moon cross drop whoa book dare sudden sayin playin takin excit extra collid lyin fascin
TRKIEDT128F428A70F,me all te je doe door met er mis ik van het om dat lang niet ga weg maar heel ben wat meer voor mij jou wil jij bid heb weet wel
TRKJDAM128F14A8ED7,the to and not in is of we all no have but with time never would at away how more who through tri fall into thought sing song other arm goodby matter heard each summer troubl whisper snow winter hello hill climb drift wander glow foolish toss summertim slumber
TRKOYID128F14957BC,the to and a me not in is of that do on will all be love so but with what just when now can come there go up oh they get she was see if he let as ca away by her could eye think who live again give too onli wo his girl find littl hand then home head their new him even boy hope blue true smile onc big sea saw though soon along shake went veri next great three bell guy rais ocean dress safe soft famili bound record written soldier sigh york marri main bottom suit coat tip sailor cute ate 20 april cap stroll wink flirt
TRKPYHP12903D0EBFA,i the to and a me of do we am will love with when now there one was say day away heart our where thing an still then were anoth sky old kiss found togeth morn moon soon tomorrow abov mile return someday million soft beneath stood thrill certain recal dim twilight entertain june
TRKVGYR12903C98A9E,i the you to and a me it in my that on am will all have love know this but with time can come there up out get was never make would as day at life here right been think who again give keep dream still turn hand alway believ cri friend him off made pain tear true myself two line onc mayb becaus might came after readi begin yet quit broke sunshin passion least dreamer content raini dreamin
TRKZROR128F14804F6,i to and a me it in my is of that do am for have love so know but with just now can one if never feel want would day life her look where who again onli tri find then noth had stay friend lost start care seem someon kiss yes wish found might miss lone until knew goe round somebodi bit mess bound vain luck hug success
TRLDKDD128F1489A15,the you to and a it in is on are we will all for so this what just now go get make way take through an his girl o him tonight sing song while open ride ground white young laugh lead fun ring bright bell spirit snow crack field speed jingl ahhh sleigh dash oer
TRLDWZV128F145A6B3,que de le et ah à nos plus bell san jour temp vos nuit caress loin damour ô
TRLURGV128F14A3A0D,a on de la en un tu le et les qui dan pour ne à car parti plus secret au ce comm une mal quand anim dit sont petit sale lui quil leur bon ont ciel coup ang rue amen rare cétait devant sest vieux
TRLWYFJ128F427F15E,i the you to and a me it in my is of that are we am will all for so this with when like come there oh they down get see got from he how could our more caus gonna die through give us his fall about hand noth alway hear has him than stop tonight play realli danc rain sweet yes wish smile ooh heaven might may ah music kind room lead floor troubl shall mile guy snow higher style middl tune thrill fish playin stretch bloom dancin yell fiddl
TRLXXCV12903CEC6D1,i the you to and a me it not my is of do we be love so know what just like time can go up from let make say ca day heart how our keep everi them face end stay friend left stop show peopl hard talk side everybodi town beat though meet apart gave speak stare send pride week bear foolish invit wed relat sweetheart skip
TRMCAEY128F146A03B,the a me in on que de la let y en un se le si du je sun et les il shine son ma qui des est dan part à cest nos secret silenc futur bout au moi sur jai nous vie toi sui nation par jour foi mond voi aux soleil enfant solitud quelqu england dieu croi rêves dêtre savoir
TRMEEOL128F92F92A5,a on que de oh la y un te tu se es le si du je et les non son ma ah qui pas des est dan mai pour ne s rest cest t tout va bien parti plus mon ce moi comm une bell sur jai fair d nous vie toi entr ell grand mari ton c imagin hier sui sen rien tes l vous quon tous arriv voi eh dit encor petit lui quil nuit chose fort amour piti ses aux leur peu r dis p seul ben mort tant pen alor oui coup jou peut quoi notr comment bras pens tai ann ur matin dieu histoir sest depui vraiment contr aujourdhui joli avait
TRMEOMZ128F4266142,me in come la y heart tu mi e si da song con che non mai ha per ce u ocean poi sempr dove via mare andar questo pace terra cuor defin nei lontano
TRMHMUR128F427AC35,in so was un es du ich und der nicht das des ist ein im ja um den mich zu wir mir dich mit mein dir nur dein held für bin sein sind hier mehr bist immer leben wird hab gut jetzt zeit welt dass ganz bei ohn allein lass herz haben licht werd zurück willst rein meiner tief glaub deiner wirklich habe egal
TRMJBZC128F14AB17C,in is of de go en die te je al dan bed t met ik tien van tv het dat kan een mond niet op wat ze meer voor chip zo aan naar peter haar geen nooit belt alleen uit wel
TRMLTAN128F42664F1,i the you to and a me it not in my is of your that do are will all for be have love so know but with when time can there up they out down she was see never feel let say as day at life here how could need look world more think through too tri keep wo still girl around noth said everi were had run them believ everyth cri word stay much chang left new sun hope seem true done onc knew truth after easi though happen promis answer wild window mad desir strang dress freedom exist kept explain seven six expect distanc nine illus fame fortun chose although invit heel impress solut
TRMNGVK128F14A8349,me in is all de want en die man te over hand word je al los pas kind dan drink met er wie ver ik van hier bang het dat kan een nu nacht niet hoe toe ga weg maar ben op wat ze mijn kom zijn meer voor licht mij bent jou ander nog niemand zo tot aan naar wil jij haar bij denk hem hart heb weer geen nooit weet rug hij alleen uit
TRNBZVW128F92EE688,i the to and in my is of your am will for when like time come de oh la they down see at life en eye think man again good wait hear everyth le o friend je sing sky old song et fire other il beauti listen est dan pour white readi memori full mother tout clear ring mon au christma joy dress snow alreadi vie quand silver mes tes tous arriv tabl wood yeux dj bon descend chant ami beau ciel jaim souvenir plein childhood venir feu dautr
TRNGSOO128F4264A44,i the you to and a me in of we will all for have love so know but time go got from feel let way say take as day at look tell onli well us alon much close two mani may knew grow share stranger lifetim
TRNNSCS128F427AC34,am so die un an es du ich und al der nicht noch den mich zu mir dich auf mein nur doch wenn dein für bin von sein nie immer denn kann leben jetzt bis welt nach dass weg weiß durch allein herz kommt unser ander über gehen sehen kannst bleibt ihn denk weiter tut stern bleib
TRNOHVF128F146DFDC,a me your love de la en un give tu es le et les il pass des dan au comm sur radio temp art pie yeux leur regard sous seul dune ont peut notr femm mieux plein vieux pluie auto
TRNQFOJ128F9336377,i the you to and a me in my is your am will be love this when la see from life heart where en eye world give turn alway into hold word soul sing song seem close kiss heaven angel though abov apart speak fast rose everyday magic vie cast spell sigh press bloom
TRNWJLO128F14957BA,i the you to and a not in my your that on we for love so there oh was as by heart how night our eye world his said were word new sing sky song danc true close star al two arm beat angel though low dear darl guy held few record written gentl york charm except wed bloom vow decemb 13
TRNXDJX128F42AC6F7,in come la un e le che è io sempr sono anch mondo meno pace li nott vento tutti fondo nella liber sogno sull
TROAQFT128F14A82DB,me is all go want en je al er ik het dat niet hoe maar wat morgen aha aan wil nooit weet alleen
TROGERC128F14696F7,me que de la en un se le je et les il son ma qui pas des est dan cest mon au sa mes sui march temp dun ses piano caress jungl instant parol consol
TROGQER128F426CD18,a do que de oh as te tu se long e o por amor como qui eu mai não mas um ser nos más sei dos era vai sabe com tempo só foi aqui os quem hora feliz nem momento junto pensar quero mim já bem tão paz bom quer agora espera quanto meus outro sonho altar ali mulher recordar sim
TROHPSZ128F92FE807,the you to and a me it not in is of your that do are will all for be have so but what just when like there one they down if got he let take would life more who onli wo us his some noth everi were lie gone their insid word better off should hard without use fuck those wish work might hell first money sit power pay lot sens brain count realiz bless ball surpris fuckin card wise fame fortun food piss common guard grant bank complain role strain consid bond cent stock fuss revers delus
TROJBBX128F145FED9,i the you to and a me it in my is of your that on are will all for be love so with what now come there one they get was see from feel would day away life by heart could where been who through live again too onli still girl some then had face everyth insid place last burn thought song care wrong seem use those while yes smile year mani came may sure forget ah lone knew along rest sad veri great yet mad brain wash small wheel week bite bore rot romanc trace eas tale whose gray aw pari dive relax siren gay oclock spite visit tempt twelv strive jazz
TROMWDB12903C98A8D,i the you to and a me it not in my is of that on will all for no be have love so know but with what like come there go one if never feel want let way as day life back heart where more been live again too onli dream mind still around everi leav had them gone believ left pain bring other myself forev rain real onc bad behind ask seen goe part els grow each memori moment tree sinc thousand quit remain feed winter welcom somehow spent oooh season spring certain shed willi cruz
TROPBLD128F9304A38,tu dar bus ir kai kad
TROSUYG128F9367290,i the you to and me not my your do are we all be have so but when like if make take would ca heart how could world tell through mind said were leav ever them end believ has word much other mean happi such apart begin pretti speak near known choos whenev refus sweetest phrase speech
TROWEMN128F4266140,i the you to and a me it in my is of your that will so but like can there from say away life heart where more long home run hear stay much than made song free far must star miss roll deep land follow white voic earth upon gave tree cloud wave return someday haunt proud breez wherev ancient root crave roar afar
TROWODS12903CABA5A,i the to and a it not in is that on am for be have so know but when like oh down was never from feel way say would as babi by onli or whi keep well girl were e had walk hear their word new sing should even song without star wish might street seen music els heard hit meet yet somewher wing strang fair spin state busi swing spring string fever dick 5 restless score also film gay perform artist ii willow william spider puppet daydream dub robin richard vagu
TRPDLQA128F146A028,que de la un le si je et les il ma qui pas est dan pour ne fill à bien ce vie regret mes fait vous foi tous jamai nuit dun yeux aux leur peu vent quun dune nai comment être croi rêve vrai vide jétai
TRPOGYU128F145AA18,que de la en un e du et les al di pass des est dan mai plus mon au bell sur ta sa refrain tes par plain chose yeux aux leur soir quun terr loin soleil mieux jaim fleur rêve lumièr
TRPOQXY128F936729A,i the you to and a me it not in is of your that do are all for be but what just now can one was never day at heart how could eye thing through live long over littl turn said everi did has cri last thought even free use other sleep those rememb two found wonder forget fool road learn anyth laugh promis next hour worri bit singl slave weep forgot vow
TRPUFEP128F92DC9BF,i the you to and a it not in is of that do on will all for so with just when like now there oh out down from he way life back by our right live keep well his did lie has show start boy someon while yes line miss bodi town round em after though white citi lay red went pretti river dear sight wear dig spend corner disappear mr spread cat bet form sunday somethin bite brown weight knife teeth bag trace movin cash mornin fanci sailor sidewalk glove tap jenni luci shark scarlet
TRQAYAI128F14A22F8,i the you to and a me in my of your that are we am there oh see way day heart world dream some end friend than off same two round after moon such lot river cross goin mile style bend rainbow wherev waitin maker
TRQBRPI12903D0FCFB,i the you to and me it in my is your on am no be so but with when can come there up oh down life heart here more think still then wait walk stand soul than without wonder sometim until sea beat sit fill each strong troubl silenc mountain rais etern shoulder hunger weari restless burden awhil stormi glimps
TRQTKVT128F4275AE8,i you to and a me not your that do will be this but with like can come there they if never here how night dream wo fall ever stand anoth new sing song true use other someon kiss yes mani may lip million thrill spring
TRQXDPK128F14A39F7,me just que de la y te tu le si je et mine les ma qui pas des dan pour ne à cest tout bien mon au ce moi une sur jai fair vie toi ou ça vein avec quon tous sale dire mot fortun chose fai demand dis veux seul chant fond tape envi soleil mike autr taim avant tas personn peux comprend lune larm droit
TRQXNGQ128F4266139,i me in all so come la te se mi e le con una che il di non ti ma del per ho sei cielo sai ci chi dove senza nel via ancora gli ment sole questa tuo viver cuor occhi quest vento quello vorrei voce sento musica porta stell nome batter sogni
TRQYIZN128F9304A32,i the you to and a me it in is of your that do are so know but with when like now time there up one they out down was make day by our eye thing die give some then noth were had someth stop sing peopl sky song name blue star smile two fli mani ask everybodi till sometim round saw game white each readi red born sad child river answer troubl flow which mad rule n bird question freedom flower shoe ago surpris stupid week reflect brown yellow often – coupl bee foul
TRQYXUF128F42AC6B2,te tu e le il di ma ah ha solo è sei sol mia mio nel hai amant insiem suo
TRREFGG12903CCC31A,i the to and a me it not is that on am will all for no love so know with what just when time come there go one they get see got feel want say take would day babi away by could need right wo long about some over littl everi were end soul play peopl realli chorus even care without danc sweet bad ooh ai lone beat pass wall chanc nobodi each sad pay sick mama darl everywher bar cuz sell news tall romanc lonesom serious lee david cherri butt
TRRFQUW12903CAA687,i the to and a me it in my is of your that are am all for no love know with when there out from heart where eye who through or dream their place peopl sky care hope free rain those sweet two may arm seen reach yet summer secret within share warm storm safe bless anywher
TRRGMXU12903CF02E8,i the you to and a me it not in my is of that do on am all be have love know this but what just like now time come go one down she was see got from want make way take would day away life yeah back by her here eye gonna been through man again give too onli well still long girl over light alway face gone stay soul hope talk mine far sin close sweet lord year done fool pour saw sit air wast whole between stare bone share devil worth flesh forgiv safe hello grave ten anyway ago sink stuck vein sigh lung lake blown serpent
TRRIQGE128F1469816,me oh la le du je et les son qui mai pour à cest bien bout au une sur sa ell fait avec fin mond trop cett veux seul affair terr dune veut
TRRLJSG128F14AB176,in de en die te je door dan water t er ik van glad het om dat een nu niet weg op mijn zijn meer ander hem heb nooit weet
TRRNJBF128F147444E,on que de la y un tu le si chang et les il des pour à cest tout va moi comm radio nous toi ça sen peu regard sous soleil pui donn branch parl rêve aura
TRRYUYR128F92EB474,i the you and me in my of your are will all be love know with just when now one make as heart who too whi keep dream fall littl hear alon break true mayb fool fun fell rule someday regret tender
TRRZMBH128F14A22F5,i the to and a it not in my is of your that will all for no with come there out would ca day night need eye been too fall alway into walk end head has befor even dark fear done side blood onc behind hide arm wind happi understand reach trust welcom steal path heavi pleasur mysteri surrend trembl curtain mask drawn brighter avoid tunnel pave sneak lamp project silhouett
TRSBXIM128F14596C6,i the you to and a me it is your do on am all for no have love just come down got let make life too keep last da watch move sleep readi promis slow fast fun drop flower hello lookin feelin ba rhyme mornin dee deed whatcha kickin groovi knowin
TRSMTEZ128F1495E96,a me do no que de oh se long e o por ti como eu das mai um ser porqu pra meu vi mar dos sem saber mim tanta teu assim pari quer negro azul deus rio fim soi mulher lua
TRSOBRN128F428FABE,la die still o ich und da al war der nicht das ne ein im ja zu 2 er wie auf une mein nur 1 wenn refrain sind 3 kein 4 main 5 komm gar ihn frei geh haus weh hei
TRSPSPX12903CAAF57,i the you to a in my that on we be love but with when like now time from take would day away heart how our over noth everi ever cri made break true today pass broken saw each laugh wave write meant sand somehow letter tide ach vow
TRSUNGO128F1463BA1,a la long le si et les des pour mon au vie grand avec quon ces ses sous coeur mer dune ang damour chanson pluie près voit
TRSUOEO128F9316D23,i the you to and a me it not in my of your that do on we will all no be have but with what just when like there go was never want let say as at life could night more die live again then alway were walk believ word than peopl high breath cold sound arm wind understand lone knew cut silent hill rhythm knife
TRTHGZI128F93397F4,a on que de la y en un se le du je et les il son pass pas des est dan mai pour ne à cest car tout plus mon au ce moi comm une mal jai fair vie quand ou ça mes sui rien complet fait par avec quon pie tous nu dit encor sont petit fai aux demand bon mort film ami voir lon tres bras damour bob noir personn matin rubi chez jsui moin accid nom vraiment lai joli doigt javai
TRTMRVU12903CE3417,i the you to and me it not that on we all for love but with just can come they down was say would her could right tell through us over hand then said were did believ cri insid thought start realli hard seem tear smile hide sure goodby begin guy broke below strike clock chair curtain fold oclock twelv
TRTNBZW128E0798A06,a de la en se long du je et les qui pas des mai à tout bien une bell san ta vie entr grand sein rien tes jour quon main nuit ces dun destin veux trembl dune habit oui tas dans matin voyag plein sait passé peau chemin
TRTQHUC128F429714C,i the you to me not my that do are no be have but just like now come got want let would how could look more think whi keep noth ever everyth someth chang better than play thought realli without yourself hate best ah fool game rest rule special fashion reaction
TRUCCGO128F1495E8B,i the you and a it not in my is that on are am will no be have like come there oh one they down see if never way day at how look eye dream wo some were home hear gone alon their stand same must sound morn first ground follow soon earth abov sad peac children perfect read pictur quit quiet imagin surpris paper lucki grab tall spring gentl tabl grown foot flight sunlight awaken ordinari stir mistaken
TRUDZNL128F92F9014,i the you to and a me it not in my on am all for be have love so but with when now come up one never feel say would ca day at life by could night caus right again give dream his turn light wait home alon hey insid sing song hope wrong dark someon mani deep sea chanc sit fill water along final carri window kept rollin
TRUERUC128F4249123,i the to and a me it not in my is of do on we am will all for be have so know this but with what just like now time can there go up out down get was see got from he feel want make way as ca day at away where right onli an wo us his around good littl turn then wait leav had run them hear alon befor stay place much sun start realli pleas care move gotta seem someon must done bad sound help behind street wind town told money sit air took nobodi red everyon guess pretti lot gun river cloud low knee stare thank share cos fair jump yesterday crawl hill queen ahead law loos heavi thinkin makin settl chair mare agre bum shakin dusti mont independ booz
TRUGYUG128E0791D57,i the you to and a it is of your on are am for be have love so when like can they out from say heart how girl some hand hold walk alon stand start name mine must star street beauti told broken reach everyon men afraid yet stone whisper meant anyon fame worship carv envi wealth lisa statu afar
TRUSOJK128F1495E9D,no que de e não mas é au com sem dar ela samba viva nome mulher
TRVONXB128F9346713,a me on que de la un se le si du je et les il non qui pass pas des ne cest ce comm jai san quand sa ell sai par jour temp quon même ador toujour dire chose lamour nest regard quell confid dormir port peur lon gen enfant quelqu dans peux devant dort
TRVUMLR12903CF042C,i the you to and a me it not in my is of your that on are we will all for no be have love so what up they if never from let make way take as ca at away by how need our look been who live give dream well us long find walk them believ insid place show peopl use someon found becaus yourself everybodi beauti lone chanc matter learn easi happen lead shadow children futur search sens anyon pride fail ago strength decid remind special hero least teach laughter greatest possess depend easier fulfil achiev digniti succeed
TRWAQVR12903CF0411,i the you to and a me it in my is of that on will have love so with when now time up oh out down he feel say take day babi away yeah heart how night need been who through man or still his wanna fall light call hold end hey last burn sun show lost boy blue danc done enough arm wind town lone alright chanc fade upon somebodi begin hot hour uh sens spin heat chase cmon figur later huh strike clock fever woo hoo loneli sooner
TRWEWSV128F428A714,me all go en te had word je al er wie ik van het dat kan nacht toe ga weg op wat ze zijn meer morgen zo aan naar wil haar bij hem liegt nooit weet hij wel
TRWFYHS128F9316D11,i the you to and not in my is of do on are am for love know but go oh out away need where eye world gonna think live give turn light into wait run soul burn sun break sky move fli morn follow bird freedom slowli earli
TRWSVSL12903CF6A6D,i the you to and a it not is of your that do on all for no be have this but just when time come go they out get was if feel make way say ca at thing world right tri well fall around then wait walk them cri better than stop made start fight yes line rock mayb touch everybodi till sometim wall citi fine laugh king peac next ladi afraid sign wave nice ten knock sail fail small climb ice loos nine nois hall boat brave grass ment court disturb upset skate insist
TRWWPUG128F93397EF,me un si ah ça sous deux franc cent troi jaurai javai
TRXAMHE128F1468F95,a me de la si je et les qui des est dan ne à cest plus moi comm une ell quon même po veux chant quel dune quoi bras rue chanson vivr être coin ceux perdu mont lune
TRXATCH128F429B22A,the you to and a it not in is of your that do on are we will for be love this just can come they out get see if never from make way say day how our where eye world tell live too onli us long everi were wait lie end believ their place stand new peopl watch free someon hate hide late els sit room step carri cannot drown meant decid instead york reign intent mission harmoni goddamn fulfil opinion offic
TRXBISF128F9304A30,su mes dar ir gal – link kad
TRXBVBG128F425A57E,the and in is of your we all for love like now oh he say our where die live again head has o him sing made sky fight high lord open done onc heaven work today death save son angel rise follow men earth king cross joy rais grave vain battl christ paradis won thi led ye victori fought glorious sting soar redeem repli alleluia
TRXCQFI128F92FE800,i the to and a me in my on are no be so with when oh one was he way take would day heart could his good alway gone chang him tear smile wonder today miss deep knee funni gentl ador laughter clown papa understood
TRXEVXW128F428A707,me is de want en je even al door los drink t met er wie ik van het om dat een niet hoe toe weg maar heel ben wat zijn mij bent morgen jou naar wil jij haar denk hem laat weet uit wel
TRXLRAO128F427AC3C,in am so es ich und al war der nicht ist den zu mir 2 mal mein 1 doch wenn bin refrain sein sich 2x auch denn leben hab schon welt viel ganz weg 4x ander einfach dieser ihn outro weiter
TRXNZWG128F429B22F,i the you to and a me it in my is of that do are we am all for have this what just like now can down see feel take by heart how our tell who onli dream us turn end everyth these fight year side fool lay apart everyday suffer fail bitter crush shade crown illus weari mornin chosen whip autumn selfish size frustrat wooden
TRXPLNT128F42660F4,i the you to and a it not in my is of your that do are we will be have love so know this with just when like time there go la out from feel let way day life heart how night need our where eye world un give tu dream us his find around hand light everi e hold insid place much soul anoth without hope watch amor rememb star al wish che il di lose help ask save kind fill each everyon abov lead shadow child pray peac faith è sei etern forc grace safe dia più prayer mano dentro guid ci sé mia senza violenc wise noi nel cè hai mondo justic pace cuor nella luce sento symbol suo
TRXSKBK12903CCD265,the to and of that on for with see from by dream his good o god sky tear year shine beauti sea citi abov human wave mountain beyond grace thee thi crown plain america shed fruit purpl grain gleam majesti
TRXVQEM128F92E37C5,i the you to and me not in my that on am love know this but what now come up oh out she was see if from let babi away her could need thing world tell who an wo girl some said did had walk head cri alon hey sun lost wrong bring cold done beauti morn knew fade happen sorri most slip dawn stood woke gray heartach mornin realis
TRXZNRL128F14A82D3,in of on we de was en die over al begin drink wild er ik van hier het dat een nu dit niet maar bank op wat ze zijn voor mij jou gay naar wil jij weer nooit weet alleen wel
TRYDRVR128F9316D06,i the you to and a it in of that do on we all for no have love this but with like come out down was got from want would away could night our thing more through well an still light said were into had run hear much burn sky old dead sin door street best first knew wall though room went bed slow floor train soft dirti singl sink comfort main suit electr began candl cigarett chair recal bass threw hotel crumbl roar jet lamp silhouett plug jukebox
TRYELZA128F14696F8,me que de la te se et les son ma qui est à cest pay bien mon au ce une bless san ta vie simpl quand sa toi ell ton fait quon lamour dun aux demand cett tant quell fond quel peut aussi dieu croi depui pleur passé cur prendr
TRYKVTS128F934470B,a me in come la un tu mi e si far al che il di non mai per è sei gent quando sai più pure poi sempr mia idea senza lui sola ment sole mondo cuor nient lei fors ama prima può troppo foss punto dimmi cambia
TRYOHJC12903CF4EF5,i the you to and a me it not my is of your that on are am be what when there was make ca day night where through find littl said were befor sun made sky blue mine use rain kiss heaven today lone part abov moment sinc differ hour dear flower yesterday four brought thrill rainbow romanc twenti bliss stormi
TRYRJNP12903CF6A74,i the you to and a it not my is of that do am all for have love so know when was got never make way at heart thing too onli whi did face believ cri word place show lost pleas seem true mean hide hurt saw guess speak felt meant small swear careless
TRYVWNL12903CA9484,i the you to and my of your will all but when see day away by long fall hand leav hold hear start old song use kiss miss grow soon red went sinc summer window lip most darl gold winter drift autumn
TRZHJEI128F427AC30,in will all so was die un es du ich und der nicht das ne ein im den mich fast zu mir dich auf mal mit mein dir doch wenn für bin bridg sein instrument nie pack dann immer kann wird hab gut schon welt ganz hast ohn allein gibt ding morgen gehen willst klein kannst sonn sagen steht vielleicht ref glück fest hin gleich
TRZIIKC12903CEC6C7,i the you to and a me it in my is of your that do am will for love know just go see never as here how eye thing long littl everi face everyth thought seem those star till may forget happi kind though everyon abov moment veri slow near flower queen livin idea foolish ordinari ought mere daydream
TRZORNU128F9322E38,a me que de la en un te tu le si je et na les il qui pas des dan mas cest promis tout plus au tien vie quand toi rien tes 2x par temp quon main voi nuit yeux tomb pens provid dans gris pluie
TRZXRLF128F146A026,me que de la en un te tu se le si du je et na les qui pas des est ne à cest tout bien mon ce moi comm une sur jai san ta vie sa vision toi ell ou mes sai tes fait cruel prison cours sont toujour où dire tortur ces lamour fai ses leur cett veux deux terr soleil dune oui ciel lon notr bras tête bas
TRZYVQE128F42660F7,a que de la y en un el tu yo o amor sin una son las del vez hoy color dond lugar romanc voz junto ese recuerdo viento rosa flor parec hablar razón esperando rumor quizá cristal esté
